Ad set budget,Attribution setting,Results,Result indicator,Reach,Impressions,Cost per results,Amount spent (USD),Reporting starts,Reporting ends,campaign_type,budget($),duration(days),content
Using_ad_set_budget,7day_click/1_day_view,294,post_engagement,3356,3463,0.00581633,1.71,2024-03-01,2024-03-31,Engagement,10,4," Post: Elevate your hair game with Schwarzkopf Gliss Long & Sublime Shampoo, now at Wholesale Club Ltd!"
Using_ad_set_budget,7day_click/1_day_view,25597,reach,25597,25597,0.03164433,0.81,2024-03-01,2024-03-31,Reach,5,4," Post : Elevate your hair game with Schwarzkopf Gliss Long & Sublime Shampoo, now at Wholesale Club Ltd!"
Using_ad_set_budget,7day_click/1_day_view,99,link_click,6241,6576,0.00828283,0.82,2024-03-01,2024-03-31,More Visitor,5,4," Post : Elevate your hair game with Schwarzkopf Gliss Long & Sublime Shampoo, now at Wholesale Club Ltd!"
Using_ad_set_budget,7day_click/1_day_view,359,post_engagement,5266,5849,0.00465181,1.67,2024-03-01,2024-03-31,Engagement,10,4, Post : Coca-Cola Light is now available at Wholesale Club!
Using_ad_set_budget,7day_click/1_day_view,23067,reach,23067,23703,0.03381454,0.78,2024-03-01,2024-03-31,Reach,5,4, Post: Coca-Cola Light is now available at Wholesale Club!
Using_ad_set_budget,7day_click/1_day_view,73,link_click,6700,6963,0.01068493,0.78,2024-03-01,2024-03-31,More Visitor,5,4, Post : Coca-Cola Light is now available at Wholesale Club!
Using_ad_set_budget,7day_click/1_day_view,742,post_engagement,6066,6834,0.00568733,4.22,2024-03-01,2024-03-31,Engagement,10,4," Post : Get stronger, healthier hair with Alpecin Shampoo, now available at Wholesale Club Ltd"
Using_ad_set_budget,7day_click/1_day_view,54247,reach,54247,54247,0.03705274,2.01,2024-03-01,2024-03-31,Reach,5,4," Post : Get stronger, healthier hair with Alpecin Shampoo, now available at Wholesale Club Ltd"
Using_ad_set_budget,7day_click/1_day_view,221,link_click,15915,17314,0.00932127,2.06,2024-03-01,2024-03-31,More Visitor,5,4," post : Get stronger, healthier hair with Alpecin Shampoo, now available at Wholesale Club Ltd"
Using_ad_set_budget,7day_click/1_day_view,737,post_engagement,6774,7513,0.00571235,4.21,2024-03-01,2024-03-31,Engagement,10,4,Post : Reach for a twist of refreshment with M Sport Energy Drink!
Using_ad_set_budget,7day_click/1_day_view,65359,reach,65359,65359,0.03182423,2.08,2024-03-01,2024-03-31,Reach,5,4, Post: Reach for a twist of refreshment with M Sport Energy Drink!
Using_ad_set_budget,7day_click/1_day_view,184,link_click,15123,16782,0.01179348,2.17,2024-03-01,2024-03-31,More Visitor,5,4, Post : Reach for a twist of refreshment with M Sport Energy Drink!
Using_ad_set_budget,7day_click/1_day_view,1064,post_engagement,7991,9649,0.0062594,6.66,2024-03-01,2024-03-31,Engagement,10,4, post : Make laundry day cheerful with Breeze Colour Care Powder & Liquid!
Using_ad_set_budget,7day_click/1_day_view,108169,reach,108169,108169,0.03078516,3.33,2024-03-01,2024-03-31,Reach,5,4, Post : Make laundry day cheerful with Breeze Colour Care Powder & Liquid!
Using_ad_set_budget,7day_click/1_day_view,284,link_click,23197,26603,0.01172535,3.33,2024-03-01,2024-03-31,More Visitor,5,4, Post: Make laundry day cheerful with Breeze Colour Care Powder & Liquid!
Using_ad_set_budget,7day_click/1_day_view,1230,post_engagement,6888,7991,0.00547967,6.74,2024-03-01,2024-03-31,Engagement,10,4, Post :
Using_ad_set_budget,7day_click/1_day_view,106123,reach,106123,106123,0.03137868,3.33,2024-03-01,2024-03-31,Reach,5,4," Post : Add a burst of flavor to your meals with Green Swiss Garden Mustard, now available at Wholesale Club Ltd!"
Using_ad_set_budget,7day_click/1_day_view,375,link_click,54952,59835,0.00893333,3.35,2024-03-01,2024-03-31,More Visitor,5,4," Post : Add a burst of flavor to your meals with Green Swiss Garden Mustard, now available at Wholesale Club Ltd!"
Using_ad_set_budget,7day_click/1_day_view,5805,post_engagement,88354,100524,0.00220844,12.82,2024-03-01,2024-03-31,Engagement,15,2," Post : Exciting weekend deal! Get fresh groceries, meat, fish, vegetables, and fruits at amazing prices from Wholesale Club."
Using_ad_set_budget,7day_click/1_day_view,143512,reach,143512,143512,0.02975361,4.27,2024-03-01,2024-03-31,Reach,5,2," Post : Exciting weekend deal! Get fresh groceries, meat, fish, vegetables, and fruits at amazing prices from Wholesale Club."
Using_ad_set_budget,7day_click/1_day_view,473,link_click,25646,28588,0.00885835,4.19,2024-03-01,2024-03-31,More Visitor,5,2," Post : Exciting weekend deal! Get fresh groceries, meat, fish, vegetables, and fruits at amazing prices from Wholesale Club."
Using_ad_set_budget,7day_click/1_day_view,13,os.messaging_started_7d,4065,5245,0.32769231,4.26,2024-03-01,2024-03-31,Message,5,2," Post : Exciting weekend deal! Get fresh groceries, meat, fish, vegetables, and fruits at amazing prices from Wholesale Club."
Using_ad_set_budget,7day_click/1_day_view,1715,post_engagement,11632,14535,0.0058309,10.0,2024-03-01,2024-03-31,Engagement,10,4, Post : Explore a wide array of delicious Pet Food options at our top hypermarket.
Using_ad_set_budget,7day_click/1_day_view,144211,reach,144211,144748,0.03467142,5.0,2024-03-01,2024-03-31,Reach,5,4, Post: Explore a wide array of delicious Pet Food options at our top hypermarket.
Using_ad_set_budget,7day_click/1_day_view,392,link_click,34403,40366,0.0127551,5.0,2024-03-01,2024-03-31,More Visitor,5,4,  Post : Explore a wide array of delicious Pet Food options at our top hypermarket.
Using_ad_set_budget,7day_click/1_day_view,1745,post_engagement,15496,18879,0.00573066,10.0,2024-03-01,2024-03-31,Engagement,10,5, Post : Get the exclusive Zen Royal ZIP Hand Wash and Dishwash Liquid at the country's biggest
Using_ad_set_budget,7day_click/1_day_view,168180,reach,168180,168180,0.02973005,5.0,2024-03-01,2024-03-31,Reach,5,4, Post : Get the exclusive Zen Royal ZIP Hand Wash and Dishwash Liquid at the country's biggest
Using_ad_set_budget,7day_click/1_day_view,466,link_click,33396,41770,0.01072961,5.0,2024-03-01,2024-03-31,More Visitor,5,4, Post : Get the exclusive Zen Royal ZIP Hand Wash and Dishwash Liquid at the country's biggest
Using_ad_set_budget,7day_click/1_day_view,1673,post_engagement,18150,22377,0.00597729,10.0,2024-03-01,2024-03-31,Engagement,10,4, post : Start your morning with fresh bread from Wholesale Club Bakery!
Using_ad_set_budget,7day_click/1_day_view,159535,reach,159535,160181,0.03134109,5.0,2024-03-01,2024-03-31,Reach,5,4, post : Start your morning with fresh bread from Wholesale Club Bakery!
Using_ad_set_budget,7day_click/1_day_view,15,os.messaging_started_7d,3189,4941,0.33333333,5.0,2024-03-01,2024-03-31,Msg,5,4, Start your morning with fresh bread from Wholesale Club Bakery!
Using_ad_set_budget,7day_click/1_day_view,1557,post_engagement,10857,13350,0.00642261,10.0,2024-03-01,2024-03-31,Engagement,10,4, Post : Get ready to grab fresh vegetables at your doorstep!
Using_ad_set_budget,7day_click/1_day_view,157154,reach,157154,157154,0.03181593,5.0,2024-03-01,2024-03-31,Reach,5,4,
Using_ad_set_budget,7day_click/1_day_view,1526,post_engagement,12650,15723,0.00655308,10.0,2024-03-01,2024-03-31,Engagement,10,4, Post : Get all your Ramadan essentials in one place!
Using_ad_set_budget,7day_click/1_day_view,128283,reach,128283,128283,0.03897633,5.0,2024-03-01,2024-03-31,Reach,5,4, Post: Get all your Ramadan essentials in one place!
Using_ad_set_budget,7day_click/1_day_view,447,link_click,22606,29658,0.01118568,5.0,2024-03-01,2024-03-31,More Visitor,5,4, Post Get all your Ramadan essentials in one place!
Using_ad_set_budget,7day_click/1_day_view,4808,post_engagement,33437,44210,0.00207987,10.0,2024-03-01,2024-03-31,Engagement,10,4," post : This Ramadan, Wholesale Club is your one-stop shop for all your date needs."
Using_ad_set_budget,7day_click/1_day_view,146727,reach,146727,147026,0.03407689,5.0,2024-03-01,2024-03-31,Reach,5,4," Post : This Ramadan, Wholesale Club is your one-stop shop for all your date needs."
Using_ad_set_budget,7day_click/1_day_view,583,link_click,18629,24513,0.00857633,5.0,2024-03-01,2024-03-31,More Visitor,5,4," post : This Ramadan, Wholesale Club is your one-stop shop for all your date needs."
Using_ad_set_budget,7day_click/1_day_view,639,,18458,22320,,10.0,2024-03-01,2024-03-31,Engagement,10,3, Post: Celebrate Women's Day with a delicious treat!
Using_ad_set_budget,7day_click/1_day_view,117343,reach,117343,117985,0.04261013,5.0,2024-03-01,2024-03-31,Reach,5,3, Post : Celebrate Women's Day with a delicious treat!
Using_ad_set_budget,7day_click/1_day_view,1567,post_engagement,14033,17918,0.00638162,10.0,2024-03-01,2024-03-31,Engagement,10,4, post : Make bath time fun and luxurious with our imported Boots Moisturizing Shower Creams!
Using_ad_set_budget,7day_click/1_day_view,118722,reach,118722,120407,0.04211519,5.0,2024-03-01,2024-03-31,Reach,5,4, Post: Make bath time fun and luxurious with our imported Boots Moisturizing Shower Creams!
Using_ad_set_budget,7day_click/1_day_view,448,link_click,29269,36108,0.01116071,5.0,2024-03-01,2024-03-31,More Visitor,5,4, Post : Make bath time fun and luxurious with our imported Boots Moisturizing Shower Creams!
Using_ad_set_budget,7day_click/1_day_view,1719,post_engagement,13390,16757,0.00581734,10.0,2024-03-01,2024-03-31,Engagement,10,4, Post: Beat the heat this Ramadan with refreshing drinks from Wholesale Club!
Using_ad_set_budget,7day_click/1_day_view,146533,reach,146533,148616,0.03412201,5.0,2024-03-01,2024-03-31,Reach,5,4, Post : Beat the heat this Ramadan with refreshing drinks from Wholesale Club!
Using_ad_set_budget,7day_click/1_day_view,3073,post_engagement,35091,54873,0.00488122,15.0,2024-03-01,2024-03-31,Engagement,15,4, Post : Experience global flavors with our Ramadan Special Discount at Wholesale Club Ltd!
Using_ad_set_budget,7day_click/1_day_view,162154,reach,162154,163489,0.03083489,5.0,2024-03-01,2024-03-31,Reach,5,4, Post ; Experience global flavors with our Ramadan Special Discount at Wholesale Club Ltd!
Using_ad_set_budget,7day_click/1_day_view,458,link_click,26733,35961,0.01091703,5.0,2024-03-01,2024-03-31,More Visitor,5,4, Post : Experience global flavors with our Ramadan Special Discount at Wholesale Club Ltd!
Using_ad_set_budget,7day_click/1_day_view,6,os.messaging_started_7d,2073,3290,0.83333333,5.0,2024-03-01,2024-03-31,Msg,5,4,  post : Experience global flavors with our Ramadan Special Discount at Wholesale Club Ltd!
Using_ad_set_budget,7day_click/1_day_view,9181,post_engagement,104444,125102,0.00163381,15.0,2024-03-01,2024-03-31,Engagement,15,2," Post : Exciting weekend deal! Get fresh groceries, meat, fish, vegetables, and fruits at amazing prices from Wholesale Club."
Using_ad_set_budget,7day_click/1_day_view,161750,reach,161750,162385,0.0309119,5.0,2024-03-01,2024-03-31,Reach,5,4," Post: Exciting weekend deal! Get fresh groceries, meat, fish, vegetables, and fruits at amazing prices from Wholesale Club."
Using_ad_set_budget,7day_click/1_day_view,695,link_click,22057,23856,0.00719424,5.0,2024-03-01,2024-03-31,More Visitor,5,2," Post : Exciting weekend deal! Get fresh groceries, meat, fish, vegetables, and fruits at amazing prices from Wholesale Club."
Using_ad_set_budget,7day_click/1_day_view,14,os.messaging_started_7d,4070,5245,0.35714286,5.0,2024-03-01,2024-03-31,Msg,5,2," Post : Exciting weekend deal! Get fresh groceries, meat, fish, vegetables, and fruits at amazing prices from Wholesale Club."
Using_ad_set_budget,7day_click/1_day_view,5203,post_engagement,56661,75915,0.00288295,15.0,2024-03-01,2024-03-31,Engagement,15,4, Post :Make your Ramadan preparations easy and affordable.
Using_ad_set_budget,7day_click/1_day_view,145011,reach,145011,148577,0.03448014,5.0,2024-03-01,2024-03-31,Reach,5,4, Post:Make your Ramadan preparations easy and affordable.
Using_ad_set_budget,7day_click/1_day_view,483,link_click,20514,27420,0.01035197,5.0,2024-03-01,2024-03-31,More Visitor,5,4, Post : Make your Ramadan preparations easy and affordable.
Using_ad_set_budget,7day_click/1_day_view,26,os.messaging_started_7d,2831,4319,0.19230769,5.0,2024-03-01,2024-03-31,Message,5,4, Post : Make your Ramadan preparations easy and affordable.
Using_ad_set_budget,7day_click/1_day_view,1893,post_engagement,13384,16847,0.00528262,10.0,2024-03-01,2024-03-31,Engagement,10,4,
Using_ad_set_budget,7day_click/1_day_view,146998,reach,146998,148311,0.03401407,5.0,2024-03-01,2024-03-31,Reach,5,4, Post:  Make your Ramadan preparations easy and affordable.
Using_ad_set_budget,7day_click/1_day_view,1719,post_engagement,8970,11477,0.00581734,10.0,2024-03-01,2024-03-31,Engagement,10,4, Post: Level up your cooking!  Maggi Seasoning Sauce is now available at Wholesale Club.
Using_ad_set_budget,7day_click/1_day_view,106003,reach,106003,110830,0.04716848,5.0,2024-03-01,2024-03-31,Reach,5,4, Post: Level up your cooking!  Maggi Seasoning Sauce is now available at Wholesale Club.
Using_ad_set_budget,7day_click/1_day_view,1646,post_engagement,11437,14470,0.00607533,10.0,2024-03-01,2024-03-31,Engagement,10,4, Post: Energize your day with a new arrival at Wholesale Club!
Using_ad_set_budget,7day_click/1_day_view,124359,reach,124359,124359,0.04020618,5.0,2024-03-01,2024-03-31,Reach,5,4, Post : Energize your day with a new arrival at Wholesale Club!
Using_ad_set_budget,7day_click/1_day_view,1859,post_engagement,13340,16436,0.00537924,10.0,2024-03-01,2024-03-31,Engagement,10,4, post:Refresh your day with new Schweppes Zero Sugar Soda!
Using_ad_set_budget,7day_click/1_day_view,125677,reach,125677,130237,0.03978453,5.0,2024-03-01,2024-03-31,Reach,5,4, Post : Refresh your day with new Schweppes Zero Sugar Soda!
Using_ad_set_budget,7day_click/1_day_view,4999,post_engagement,56731,73749,0.0030006,15.0,2024-03-01,2024-03-31,Engagement,15,4, Post : Craving a delicious and satisfying snack? Look no further than Wholesale Club's new Lay's potato chips!
Using_ad_set_budget,7day_click/1_day_view,115798,reach,115798,115798,0.04317864,5.0,2024-03-01,2024-03-31,Reach,5,4, Post: Craving a delicious and satisfying snack? Look no further than Wholesale Club's new Lay's potato chips!
Using_ad_set_budget,7day_click/1_day_view,496,link_click,23849,28917,0.01008065,5.0,2024-03-01,2024-03-31,More Visitor,5,4, Post: Craving a delicious and satisfying snack? Look no further than Wholesale Club's new Lay's potato chips!
Using_ad_set_budget,7day_click/1_day_view,20,os.messaging_started_7d,3584,5493,0.25,5.0,2024-03-01,2024-03-31,Msg,5,4, Post: Craving a delicious and satisfying snack? Look no further than Wholesale Club's new Lay's potato chips!
Using_ad_set_budget,7day_click/1_day_view,1766,post_engagement,13544,17344,0.00566251,10.0,2024-03-01,2024-03-31,Engagement,10,4, Post: Your favorite Mirinda flavors are now at Wholesale Club Ltd!
Using_ad_set_budget,7day_click/1_day_view,112422,reach,112422,112422,0.04447528,5.0,2024-03-01,2024-03-31,Reach,5,4, Post: Your favorite Mirinda flavors are now at Wholesale Club Ltd!
Using_ad_set_budget,7day_click/1_day_view,1577,post_engagement,9998,12801,0.00634115,10.0,2024-03-01,2024-03-31,Engagement,10,4, Post : Beat the heat with a refreshing new arrival!
Using_ad_set_budget,7day_click/1_day_view,121285,reach,121285,122258,0.04122521,5.0,2024-03-01,2024-03-31,Reach,5,4, Post :  Beat the heat with a refreshing new arrival!
Using_ad_set_budget,7day_click/1_day_view,639,,48223,65367,,15.0,2024-03-01,2024-03-31,Engagement,15,4, Post : Keep your hands clean and fresh with new Watsons Gel Hand Washes!
Using_ad_set_budget,7day_click/1_day_view,119696,reach,119696,121212,0.04177249,5.0,2024-03-01,2024-03-31,Reach,5,4, post : Keep your hands clean and fresh with new Watsons Gel Hand Washes!
Using_ad_set_budget,7day_click/1_day_view,511,link_click,25448,32862,0.00978474,5.0,2024-03-01,2024-03-31,More Visitor,5,4, Post : Keep your hands clean and fresh with new Watsons Gel Hand Washes!
Using_ad_set_budget,7day_click/1_day_view,14,os.messaging_started_7d,3242,4782,0.35714286,5.0,2024-03-01,2024-03-31,Msg,5,4, Post : Keep your hands clean and fresh with new Watsons Gel Hand Washes!
Using_ad_set_budget,7day_click/1_day_view,27,os.messaging_started_7d,3106,5210,0.18518519,5.0,2024-03-01,2024-03-31,Message,5,4, Post :Ramadan Offer at Wholesale Club!
Using_ad_set_budget,7day_click/1_day_view,108374,reach,108374,112921,0.04613653,5.0,2024-03-01,2024-03-31,Reach,5,4, Post: Ramadan Offer at Wholesale Club!
Using_ad_set_budget,7day_click/1_day_view,1463,post_engagement,7447,9526,0.00683527,10.0,2024-03-01,2024-03-31,Engagement,10,4, Post: Ramadan Offer at Wholesale Club!
Using_ad_set_budget,7day_click/1_day_view,2604,post_engagement,14728,19309,0.00384025,10.0,2024-03-01,2024-03-31,Engagement,10,4, Post: Ramadan Kareem! Treat yourself to a delightful Iftar
Using_ad_set_budget,7day_click/1_day_view,122230,reach,122230,123686,0.04090649,5.0,2024-03-01,2024-03-31,Reach,5,4, Post : Ramadan Kareem! Treat yourself to a delightful Iftar
Using_ad_set_budget,7day_click/1_day_view,12,os.messaging_started_7d,2324,3333,0.41666667,5.0,2024-03-01,2024-03-31,Message,5,4, Post : Ramadan Kareem! Treat yourself to a delightful Iftar
Using_ad_set_budget,7day_click/1_day_view,7139,post_engagement,77425,95704,0.00210113,15.0,2024-03-01,2024-03-31,Engagement,15,2, Post :
Using_ad_set_budget,7day_click/1_day_view,116498,reach,116498,119632,0.04291919,5.0,2024-03-01,2024-03-31,Reach,5,2, post : Stock up on the freshest groceries this weekend!
Using_ad_set_budget,7day_click/1_day_view,500,link_click,19367,21573,0.01,5.0,2024-03-01,2024-03-31,More Visitor,5,2, post : Stock up on the freshest groceries this weekend!
Using_ad_set_budget,7day_click/1_day_view,10,os.messaging_started_7d,3420,4989,0.5,5.0,2024-03-01,2024-03-31,Message,5,2, Post : Stock up on the freshest groceries this weekend!
Using_ad_set_budget,7day_click/1_day_view,1612,post_engagement,7785,9770,0.00620347,10.0,2024-03-01,2024-03-31,Engagement,10,4, Post: Upgrade your bath time with these luxurious new Caribbean Cocktail Bubble Baths from Boot!
Using_ad_set_budget,7day_click/1_day_view,108117,reach,108117,111447,0.0462462,5.0,2024-03-01,2024-03-31,Reach,5,4, Post : Upgrade your bath time with these luxurious new Caribbean Cocktail Bubble Baths from Boot!
Using_ad_set_budget,7day_click/1_day_view,5,os.messaging_started_7d,2539,3677,1.0,5.0,2024-03-01,2024-03-31,Message,5,4, Post: Upgrade your bath time with these luxurious new Caribbean Cocktail Bubble Baths from Boot!
Using_ad_set_budget,7day_click/1_day_view,1644,post_engagement,9062,11465,0.00608273,10.0,2024-03-01,2024-03-31,Engagement,10,4, post :Shine bright all day long with our new Berry Bliss and Peach Cotton Candy Shower Gels!
Using_ad_set_budget,7day_click/1_day_view,108726,reach,108726,110967,0.04598716,5.0,2024-03-01,2024-03-31,Reach,5,4, Post: Shine bright all day long with our new Berry Bliss and Peach Cotton Candy Shower Gels!
Using_ad_set_budget,7day_click/1_day_view,10,os.messaging_started_7d,2920,4174,0.5,5.0,2024-03-01,2024-03-31,Message,5,4, Post: Shine bright all day long with our new Berry Bliss and Peach Cotton Candy Shower Gels!
Using_ad_set_budget,7day_click/1_day_view,4107,post_engagement,55832,73079,0.0036523,15.0,2024-03-01,2024-03-31,Engagement,15,4, Post : Keep your skin natural and healthy with Watsons Love My Skin body wash!
Using_ad_set_budget,7day_click/1_day_view,108247,reach,108247,112004,0.04619066,5.0,2024-03-01,2024-03-31,Reach,5,4, Post : Keep your skin natural and healthy with Watsons Love My Skin body wash!
Using_ad_set_budget,7day_click/1_day_view,405,link_click,19533,23971,0.01234568,5.0,2024-03-01,2024-03-31,More Visitor,5,4, post : Keep your skin natural and healthy with Watsons Love My Skin body wash!
Using_ad_set_budget,7day_click/1_day_view,7,os.messaging_started_7d,2735,4083,0.71428571,5.0,2024-03-01,2024-03-31,Message,5,4,  post : Keep your skin natural and healthy with Watsons Love My Skin body wash!
Using_ad_set_budget,7day_click/1_day_view,639,,76386,102377,,15.0,2024-03-01,2024-03-31,Engagement,15,4, Post: Flash Sale  Wholesale Club Ltd brings you an exclusive offer on selected products
Using_ad_set_budget,7day_click/1_day_view,112310,reach,112310,113550,0.04451963,5.0,2024-03-01,2024-03-31,Reach,5,4, Post : Flash Sale  Wholesale Club Ltd brings you an exclusive offer on selected products
Using_ad_set_budget,7day_click/1_day_view,414,link_click,15457,19621,0.01207729,5.0,2024-03-01,2024-03-31,More Visitor,5,4, post : Flash Sale  Wholesale Club Ltd brings you an exclusive offer on selected products
Using_ad_set_budget,7day_click/1_day_view,9,os.messaging_started_7d,3595,5202,0.55555556,5.0,2024-03-01,2024-03-31,Message,5,4, Post : Flash Sale  Wholesale Club Ltd brings you an exclusive offer on selected products
Using_ad_set_budget,7day_click/1_day_view,1523,post_engagement,11083,13740,0.00656599,10.0,2024-03-01,2024-03-31,Engagement,10,4, Post : Discover the refreshing flavors of Chakulza Honey Lemon and Chakulza Grape at Wholesale Club Ltd.
Using_ad_set_budget,7day_click/1_day_view,106681,reach,106681,108357,0.0468687,5.0,2024-03-01,2024-03-31,Reach,5,4, Post : Discover the refreshing flavors of Chakulza Honey Lemon and Chakulza Grape at Wholesale Club Ltd.
Using_ad_set_budget,7day_click/1_day_view,15,os.messaging_started_7d,3983,5502,0.33333333,5.0,2024-03-01,2024-03-31,Message,5,4, Post  : Discover the refreshing flavors of Chakulza Honey Lemon and Chakulza Grape at Wholesale Club Ltd.
Using_ad_set_budget,7day_click/1_day_view,1379,post_engagement,6439,7890,0.00725163,10.0,2024-03-01,2024-03-31,Engagement,10,4, Post :  Give your hair a boost with Watsons Hair Care at Wholesale Club!
Using_ad_set_budget,7day_click/1_day_view,105457,reach,105457,107123,0.04741269,5.0,2024-03-01,2024-03-31,Reach,5,4, post : Give your hair a boost with Watsons Hair Care at Wholesale Club!
Using_ad_set_budget,7day_click/1_day_view,9,os.messaging_started_7d,2416,3692,0.55555556,5.0,2024-03-01,2024-03-31,Message,5,4, Post : Give your hair a boost with Watsons Hair Care at Wholesale Club!
Using_ad_set_budget,7day_click/1_day_view,1722,post_engagement,17726,21624,0.0058072,10.0,2024-03-01,2024-03-31,Engagement,10,4, Post : New Arrival! Sprite Lemon+ Zero Sugar is now at Wholesale Club!
Using_ad_set_budget,7day_click/1_day_view,103700,reach,103700,105000,0.04821601,5.0,2024-03-01,2024-03-31,Reach,5,4, Post : New Arrival! Sprite Lemon+ Zero Sugar is now at Wholesale Club!
Using_ad_set_budget,7day_click/1_day_view,16,os.messaging_started_7d,5222,7247,0.3125,5.0,2024-03-01,2024-03-31,Message,5,4, Post :  New Arrival! Sprite Lemon+ Zero Sugar is now at Wholesale Club!
Using_ad_set_budget,7day_click/1_day_view,4563,post_engagement,21300,29279,0.00657462,30.0,2024-03-01,2024-03-31,Engagement,10,4,
Using_ad_set_budget,7day_click/1_day_view,262236,reach,262236,318701,0.05720038,15.0,2024-03-01,2024-03-31,Reach,5,4,  post:
Using_ad_set_budget,7day_click/1_day_view,30,os.messaging_started_7d,4821,7855,0.49966667,14.99,2024-03-01,2024-03-31,Message,5,4, post:
Using_ad_set_budget,7day_click/1_day_view,5268,post_engagement,31262,44100,0.00569476,30.0,2024-03-01,2024-03-31,Engagement,10,4, post: post:
Using_ad_set_budget,7day_click/1_day_view,261936,reach,261936,317524,0.0572659,15.0,2024-03-01,2024-03-31,Reach,5,4,  post:
Using_ad_set_budget,7day_click/1_day_view,29,os.messaging_started_7d,5559,8860,0.51724138,15.0,2024-03-01,2024-03-31,Message,5,4, post: 20March |
Using_ad_set_budget,7day_click/1_day_view,2110,post_engagement,20113,25678,0.00473934,10.0,2024-03-01,2024-03-31,Engagement,10,4, Post: Beat the heat with a refreshing new drink!
Using_ad_set_budget,7day_click/1_day_view,105683,reach,105683,105800,0.0473113,5.0,2024-03-01,2024-03-31,Reach,5,4, Post: Beat the heat with a refreshing new drink!
Using_ad_set_budget,7day_click/1_day_view,19,os.messaging_started_7d,7062,9846,0.26315789,5.0,2024-03-01,2024-03-31,Message,5,4, Post : Beat the heat with a refreshing new drink!
Using_ad_set_budget,7day_click/1_day_view,7433,post_engagement,79400,97800,0.00201803,15.0,2024-03-01,2024-03-31,Engagement,15,2, Post: Stock up on the freshest groceries this weekend!
Using_ad_set_budget,7day_click/1_day_view,100591,reach,100591,101570,0.04970624,5.0,2024-03-01,2024-03-31,Reach,5,4, Post: Beat the heat with a refreshing new drink! - Copy
Using_ad_set_budget,7day_click/1_day_view,9,os.messaging_started_7d,3227,4495,0.55555556,5.0,2024-03-01,2024-03-31,Message,5,4, Post : Stock up on the freshest groceries this weekend!
Using_ad_set_budget,7day_click/1_day_view,378,link_click,16711,18580,0.01322751,5.0,2024-03-01,2024-03-31,More Visitor,5,2, Post : Stock up on the freshest groceries this weekend! - Copy
Using_ad_set_budget,7day_click/1_day_view,103586,reach,103586,105218,0.04826907,5.0,2024-03-01,2024-03-31,Reach,5,4, Post: Stock up on refreshing drinks for Ramadan at Wholesale Club.
Using_ad_set_budget,7day_click/1_day_view,1473,post_engagement,9374,12808,0.00678887,10.0,2024-03-01,2024-03-31,Engagement,10,4, Post: Stock up on refreshing drinks for Ramadan at Wholesale Club.
Using_ad_set_budget,7day_click/1_day_view,6,os.messaging_started_7d,2565,3995,0.83166667,4.99,2024-03-01,2024-03-31,Message,5,4, Post: Stock up on refreshing drinks for Ramadan at Wholesale Club.
Using_ad_set_budget,7day_click/1_day_view,3311,post_engagement,14619,21442,0.00604047,20.0,2024-03-01,2024-03-31,Engagement,10,4, 2 Ads | 2post: March |
Using_ad_set_budget,7day_click/1_day_view,186920,reach,186920,207751,0.05349882,10.0,2024-03-01,2024-03-31,Reach,5,4, 2 Ads | March 2post:|
Using_ad_set_budget,7day_click/1_day_view,10,os.messaging_started_7d,3267,5731,1.0,10.0,2024-03-01,2024-03-31,Message,5,4, 2 Ads |
Using_ad_set_budget,7day_click/1_day_view,4250,post_engagement,47028,68436,0.00352941,15.0,2024-03-01,2024-03-31,Engagement,15,4, Post : Stock up and save on non-food products at Wholesale Club Ltd.!
Using_ad_set_budget,7day_click/1_day_view,100902,reach,100902,103574,0.04955303,5.0,2024-03-01,2024-03-31,Reach,5,4, Post :  Stock up and save on non-food products at Wholesale Club Ltd.!
Using_ad_set_budget,7day_click/1_day_view,366,link_click,21651,28633,0.0136612,5.0,2024-03-01,2024-03-31,More Visitor,5,4, Post : Stock up and save on non-food products at Wholesale Club Ltd.!
Using_ad_set_budget,7day_click/1_day_view,7,os.messaging_started_7d,2081,3164,0.71428571,5.0,2024-03-01,2024-03-31,Message,5,4, Post : Stock up and save on non-food products at Wholesale Club Ltd.!
Using_ad_set_budget,7day_click/1_day_view,1184,post_engagement,7063,8892,0.00844595,10.0,2024-03-01,2024-03-31,Engagement,10,4, Post: Looking for a delicious and refreshing sugar-free drink?
Using_ad_set_budget,7day_click/1_day_view,97185,reach,97185,98006,0.05144827,5.0,2024-03-01,2024-03-31,Reach,5,4, Post :Looking for a delicious and refreshing sugar-free drink?
Using_ad_set_budget,7day_click/1_day_view,17,os.messaging_started_7d,2895,4384,0.29411765,5.0,2024-03-01,2024-03-31,Message,5,4, Post : Looking for a delicious and refreshing sugar-free drink?
Using_ad_set_budget,7day_click/1_day_view,2674,post_engagement,13833,20334,0.00747943,20.0,2024-03-01,2024-03-31,Engagement,10,4, 2 Ads | march 27|
Using_ad_set_budget,7day_click/1_day_view,167507,reach,167507,200226,0.059699,10.0,2024-03-01,2024-03-31,Reach,5,4, 2 Ads | March 27 |
Using_ad_set_budget,7day_click/1_day_view,42,os.messaging_started_7d,5962,9237,0.23761905,9.98,2024-03-01,2024-03-31,Message,5,4, 2 Ads | March 27 |
Using_ad_set_budget,7day_click/1_day_view,8127,post_engagement,79210,91542,0.0018457,15.0,2024-03-01,2024-03-31,Engagement,15,2, Post : Stock up on the freshest groceries this weekend!
Using_ad_set_budget,7day_click/1_day_view,93991,reach,93991,95418,0.05319658,5.0,2024-03-01,2024-03-31,Reach,5,2, Post : Stock up on the freshest groceries this weekend!
Using_ad_set_budget,7day_click/1_day_view,320,link_click,16331,18072,0.015625,5.0,2024-03-01,2024-03-31,More Visitor,5,2, Post: Stock up on the freshest groceries this weekend!
Using_ad_set_budget,7day_click/1_day_view,11,os.messaging_started_7d,3487,4554,0.45454545,5.0,2024-03-01,2024-03-31,Message,5,2, Post : Stock up on the freshest groceries this weekend!
Using_ad_set_budget,7day_click/1_day_view,802,post_engagement,5712,6569,0.00761845,6.11,2024-03-01,2024-03-31,Engagement,10,4,  post: post:
Using_ad_set_budget,7day_click/1_day_view,60013,reach,60013,63664,0.05032243,3.02,2024-03-01,2024-03-31,Reach,5,4, 2 Ads | march 30 |
Using_ad_set_budget,7day_click/1_day_view,15,os.messaging_started_7d,1485,1977,0.17666667,2.65,2024-03-01,2024-03-31,Message,5,4, 2 Ads |
Using_ad_set_budget,7day_click/1_day_view,92,post_engagement,934,965,0.00923913,0.85,2024-03-01,2024-03-31,Engagement,10,4," Post: Get the best quality oil's at Wholesale Club Ltd. Our imported oil's is rich in vitamins and minerals,"
Using_ad_set_budget,7day_click/1_day_view,7332,reach,7332,7359,0.05455537,0.4,2024-03-01,2024-03-31,Reach,5,4," Post: Get the best quality oil's at Wholesale Club Ltd. Our imported oil's is rich in vitamins and minerals,"
Using_ad_set_budget,7day_click/1_day_view,1,os.messaging_started_7d,334,349,0.42,0.42,2024-03-01,2024-03-31,Message,5,4," post: Get the best quality oil's at Wholesale Club Ltd. Our imported oil's is rich in vitamins and minerals,"
Using_ad_set_budget,7day_click/1_day_view,340,post_engagement,5363,5531,0.00352941,1.2,2024-03-01,2024-03-31,Engagement,15,4, post: Newly Imported Baby strollers are available now at Wholesale Club!
Using_ad_set_budget,7day_click/1_day_view,6971,reach,6971,7014,0.05738058,0.4,2024-03-01,2024-03-31,Reach,5,4, Post: Newly Imported Baby strollers are available now at Wholesale Club!
Using_ad_set_budget,7day_click/1_day_view,20,link_click,1360,1368,0.0205,0.41,2024-03-01,2024-03-31,More Visitor,5,4, Post: Newly Imported Baby strollers are available now at Wholesale Club!
Using_ad_set_budget,7day_click/1_day_view,3,os.messaging_started_7d,453,499,0.13333333,0.4,2024-03-01,2024-03-31,Message,5,4, Post: Newly Imported Baby strollers are available now at Wholesale Club!
3,7day_click/1_day_view,326,os.messaging_started_7d,24202,67913,0.29944785,97.62,2024-03-01,2024-03-31,Agency,5,4,Post:
Using_ad_set_budget,7day_click/1_day_view,476,os.messaging_started_7d,72616,191879,0.28611345,136.19,2024-03-01,2024-03-31,Educational institution,5,4,Post:
Using_ad_set_budget,7day_click/1_day_view,841,os.messaging_started_7d,47021,123399,0.08741974,73.52,2024-03-01,2024-03-31,Educational institution,5,4,Post:
Using_ad_set_budget,7day_click/1_day_view,64,os.lead_grouped,64578,110187,2.65359375,169.83,2024-03-01,2024-03-31,Real Estate,5,4,Post:
2,7day_click/1_day_view,158,like,2229,3196,0.05892405,9.31,2024-03-01,2024-03-31,Real Estate,5,4,Post:
65.68,7day_click/1_day_view,50,os.messaging_started_7d,17784,27235,0.3042,15.21,2024-03-01,2024-03-31,Educational institution,65,4,Post:
Using_ad_set_budget,7day_click/1_day_view,639,,94628,103881,,9.24,2024-03-01,2024-03-31,Travel Agency,20,7, Post: ùêìùê®ùêÆùê´ ùêìùê® ùêÇùê®ùê±'ùê¨ ùêÅùêöùê≥ùêöùê´ - ùüê ùêçùê¢ùê†ùê°ùê≠ùê¨
Using_ad_set_budget,7day_click/1_day_view,30,os.lead_grouped,58853,158865,14.973,449.19,2024-03-01,2024-03-31,Real Estate,400,4,Post:
Using_ad_set_budget,7day_click/1_day_view,7,os.messaging_started_7d,2771,4652,0.58857143,4.12,2024-03-01,2024-03-31,Automobile,5,7,  Post :
Using_ad_set_budget,7day_click/1_day_view,26,os.lead_grouped,19122,36062,1.25884615,32.73,2024-03-01,2024-03-31,Real Estate,5,7,  Amanat Khan Bari BZ‚Äô2post:
Using_ad_set_budget,7day_click/1_day_view,55,os.lead_grouped,33090,111957,2.022,111.21,2024-03-01,2024-03-31,Real Estate,5,7, Commercial Lead Form BZ 2post:
Using_ad_set_budget,7day_click/1_day_view,107,os.lead_grouped,62580,204035,1.20308411,128.73,2024-03-01,2024-03-31,Real Estate,5,4, CTG
Using_ad_set_budget,7day_click/1_day_view,14,os.messaging_started_7d,445,504,0.02785714,0.39,2024-03-01,2024-03-31,Fashion Brand,5,4,Post:
10,7day_click/1_day_view,11,os.messaging_started_7d,3637,4971,0.70909091,7.8,2024-03-01,2024-03-31,Real Estate,5,5," 5 Days| Msg|  2nd | Feb-29| Post: ""Transform your residential space into a luxurious..."""
Using_ad_set_budget,7day_click/1_day_view,572,like,10269,18562,0.05166084,29.55,2024-03-01,2024-03-31,Educational institution,35,7, 7 post: FEB 29
Using_ad_set_budget,7day_click/1_day_view,48,os.messaging_started_7d,22065,51129,0.5875,28.2,2024-03-01,2024-03-31,Fast food industry,5,4,Post:
Using_ad_set_budget,7day_click/1_day_view,37,os.messaging_started_7d,17970,27211,0.67945946,25.14,2024-03-01,2024-03-31,Real Estate,5,4,Post:
Using_ad_set_budget,7day_click/1_day_view,239,os.messaging_started_7d,19534,29817,0.06619247,15.82,2024-03-01,2024-03-31,Fashion Brand,5,4,Post:
Using_ad_set_budget,7day_click/1_day_view,314,os.messaging_started_7d,25346,35871,0.04665605,14.65,2024-03-01,2024-03-31,leather industry,5,4,Post:
Using_ad_set_budget,7day_click/1_day_view,40,os.lead_grouped,8545,20103,0.5,20.0,2024-03-01,2024-03-31,Real Estate,5,4,Post:
Using_ad_set_budget,7day_click/1_day_view,132,os.lead_grouped,154540,522687,3.03030303,400.0,2024-03-01,2024-03-31,Real Estate,5,4,Post:
Using_ad_set_budget,7day_click/1_day_view,64,os.messaging_started_7d,48809,64805,0.46875,30.0,2024-03-01,2024-03-31,Travel Agency,5,4,Post:
Using_ad_set_budget,7day_click/1_day_view,8,os.messaging_started_7d,3193,6151,0.875,7.0,2024-03-01,2024-03-31,Automobile,5,7,  Post :
Using_ad_set_budget,7day_click/1_day_view,418,os.messaging_started_7d,41170,63977,0.04868421,20.35,2024-03-01,2024-03-31,Leather Bros,23,5, Post : Looking for dream-worthy high quality leather shoes that elevate your style?
Using_ad_set_budget,7day_click/1_day_view,190,os.messaging_started_7d,15974,25988,0.09357895,17.78,2024-03-01,2024-03-31,Educator Study,100,10,  Post: ùêíùê≠ùêÆùêùùê≤ ùêïùê®ùêúùêöùê≠ùê¢ùê®ùêßùêöùê• ùêèùê´ùê®ùê†ùê´ùêöùê¶ ùê¢ùêß ùêÖùê¢ùêßùê•ùêöùêßùêù ùêüùê®ùê´ ùêüùê´ùêûùêû
Using_ad_set_budget,7day_click/1_day_view,75,os.lead_grouped,39684,118573,1.36666667,102.5,2024-03-01,2024-03-31,Real Estate,5,4,Post:
36,7day_click/1_day_view,544,like,7284,12979,0.06617647,36.0,2024-03-01,2024-03-31,Real Estate,5,4,Post:
Using_ad_set_budget,7day_click/1_day_view,95,os.messaging_started_7d,33807,80050,0.63157895,60.0,2024-03-01,2024-03-31,Ranch Bistro,60,4, 2 Ads |
Using_ad_set_budget,7day_click/1_day_view,102,os.lead_grouped,66920,98501,2.59647059,264.84,2024-03-01,2024-03-31,Real Estate,5,4,Post:
Using_ad_set_budget,7day_click/1_day_view,32,os.messaging_started_7d,13819,33583,1.005625,32.18,2024-03-01,2024-03-31,Automobile,5,4,Post:
Using_ad_set_budget,7day_click/1_day_view,1450,like,87431,171673,0.06896552,100.0,2024-03-01,2024-03-31,Fast food industry,5,4,Post:
Using_ad_set_budget,7day_click/1_day_view,188,os.messaging_started_7d,13117,16749,0.04888298,9.19,2024-03-01,2024-03-31,Fashion Brand,5,4,Post:
Using_ad_set_budget,7day_click/1_day_view,152,os.lead_grouped,142768,541846,2.30190789,349.89,2024-03-01,2024-03-31,Real Estate,5,4,Post:
Using_ad_set_budget,7day_click/1_day_view,838,os.messaging_started_7d,63830,262279,0.30415274,254.88,2024-03-01,2024-03-31,Educational institution,5,4,Post:
Using_ad_set_budget,7day_click/1_day_view,87,os.messaging_started_7d,32312,61489,0.57471264,50.0,2024-03-01,2024-03-31,Educational institution,5,4,Post:
Using_ad_set_budget,7day_click/1_day_view,772,like,16363,31308,0.05598446,43.22,2024-03-01,2024-03-31,Real Estate,5,4,Post:
Using_ad_set_budget,7day_click/1_day_view,30,os.messaging_started_7d,6309,10215,0.5,15.0,2024-03-01,2024-03-31,Educational institution,5,4,Post:
Using_ad_set_budget,7day_click/1_day_view,214,os.messaging_started_7d,23839,56209,0.17308411,37.04,2024-03-01,2024-03-31,Educational institution,5,4,Post:
Using_ad_set_budget,7day_click/1_day_view,639,,37122,73450,,60.0,2024-03-01,2024-03-31,Fast food industry,5,4,Post:
Using_ad_set_budget,7day_click/1_day_view,107,os.messaging_started_7d,13069,21460,0.18691589,20.0,2024-03-01,2024-03-31,Fashion Brand,5,4,Post:
Using_ad_set_budget,7day_click/1_day_view,42,os.messaging_started_7d,9479,11177,0.23809524,10.0,2024-03-01,2024-03-31,Educational institution,5,4,Post:
Using_ad_set_budget,7day_click/1_day_view,341,os.messaging_started_7d,32979,44434,0.12621701,43.04,2024-03-01,2024-03-31,Fashion Brand,5,4,Post:
Using_ad_set_budget,7day_click/1_day_view,39,os.messaging_started_7d,20007,25614,0.93871795,36.61,2024-03-01,2024-03-31,Real Estate,5,4,Post:
Using_ad_set_budget,7day_click/1_day_view,185,os.messaging_started_7d,11008,15096,0.04,7.4,2024-03-01,2024-03-31,Fashion Brand,5,4,Post:
Using_ad_set_budget,7day_click/1_day_view,1397,like,13992,24855,0.01574803,22.0,2024-03-01,2024-03-31,Fashion Brand,5,4,Post:
Using_ad_set_budget,7day_click/1_day_view,639,,59037,129166,,83.28,2024-03-01,2024-03-31,Fast food industry,5,4,Post:
Using_ad_set_budget,7day_click/1_day_view,46,os.lead_grouped,9391,18266,1.17586957,54.09,2024-03-01,2024-03-31,Real Estate,5,4,Post:
Using_ad_set_budget,7day_click/1_day_view,381692,reach,381692,827573,0.26199134,100.0,2024-03-01,2024-03-31,Real Estate,5,4,Post:
Using_ad_set_budget,7day_click/1_day_view,7125,post_engagement,82941,142031,0.01403509,100.0,2024-03-01,2024-03-31,Real Estate,5,4,Post:
Using_ad_set_budget,7day_click/1_day_view,10,os.messaging_started_7d,2383,3867,0.619,6.19,2024-03-01,2024-03-31,Automobile,5,4,  Post :
Using_ad_set_budget,7day_click/1_day_view,21,os.lead_grouped,8810,12058,0.92285714,19.38,2024-03-01,2024-03-31,Real Estate,5,4,Post:
Using_ad_set_budget,7day_click/1_day_view,351,os.messaging_started_7d,28368,42003,0.04504274,15.81,2024-03-01,2024-03-31,Fashion Brand,5,4,Post:
Using_ad_set_budget,7day_click/1_day_view,213,like,4382,5298,0.04084507,8.7,2024-03-01,2024-03-31,Fashion Brand,5,4,Post:
Using_ad_set_budget,7day_click/1_day_view,639,,73166,96177,,38.77,2024-03-01,2024-03-31,Fashion Brand,5,4,Post:
30,7day_click/1_day_view,27,os.messaging_started_7d,7827,11455,0.36740741,9.92,2024-03-01,2024-03-31,Fast food industry,5,4,Post:
Using_ad_set_budget,7day_click/1_day_view,104,os.messaging_started_7d,6116,8107,0.03894231,4.05,2024-03-01,2024-03-31,Fashion Brand,5,4,Post:
Using_ad_set_budget,7day_click/1_day_view,1433,post_engagement,11377,13397,0.00887648,12.72,2024-03-01,2024-03-31,Fast food industry,5,4,Post:
